,tfidf
_e,0.0
_h,0.0
_k,0.0
_l,0.0
aaa,0.0
abcd,0.0
abcdef,0.0
an_ninh,0.0
ban,0.0
ban_hành,0.05936420296963385
ban_hành_quyết_định,0.0
bao,0.0
bao_gồm,0.0
bbb,0.0
biên_bản,0.0
biểu,0.0
biện_pháp,0.0
btcn,0.0
buộc,0.0
báo_cáo,0.0
báo_hiệu,0.0
báo_hiệu_số,0.0
bé,0.0
bình_thường,0.0
bí_thư,0.0
bưu_chính,0.0
bước_tiến_hành,0.0
bản_chính,0.0
bản_gốc,0.0
bản_sao,0.0
bảng,0.0
bảng_a,0.0
bảo_mật,0.0
bảo_vệ,0.0
bảo_đảm,0.0
bất_khả_kháng,0.0
bắc_giang,0.0
bắt_buộc,0.0
bằng_chữ,0.0
bồi_thường,0.0
bồi_thường_khi,0.14126594924502014
bổ_sung,0.09321186360997892
bộ_trưởng,0.07063297462251007
bội_số,0.0
cab,0.0
cam_kết,0.0
cam_đoan,0.0
ccc,0.0
cd_e,0.0
cd_h,0.0
chi_nhánh,0.0
chi_tiết,0.1496383637949558
chia,0.0
chiều,0.0
chuyển_nhượng,0.0
chuyển_đổi,0.0
chánh,0.0
chính_phủ,0.2825318984900403
chính_quyền,0.10402829039434489
chính_sách,0.0
chính_xác,0.0
chương,0.0
chương_i,0.0
chương_v,0.0
chương_vi,0.0
chấm_dứt,0.0
chấp_nhận,0.0
chấp_thuận,0.0
chế_độ,0.0
chỉ_đạo,0.0
chờ,0.0
chục,0.0
chủ,0.0
chủ_nghĩa,0.06125801551203521
chủ_thể,0.0
chủ_trì,0.0
chủ_tịch,0.0
chức_danh,0.0
chức_năng,0.0
chức_vụ,0.0
chứcdoanh,0.0
chứcdoanh_nghiệp,0.0
chứng_minh,0.0
chứng_minh_thư,0.0
chứng_nhận,0.0
chứng_thực,0.0
chữ,0.0
chữ_cái,0.0
chữ_ký,0.0
chữ_số,0.0
cmndcccdcc,0.0
cn,0.0
coi,0.0
cp,0.0
cung_cấp,0.0
cuộc_gọi,0.0
cá_nhân_tài_khoản,0.0
cách_thức,0.0
công,0.07157901004124699
công_báo,0.0
công_bố,0.0
công_cộng,0.0
công_dân,0.0
công_nghệ,0.0
công_quốc_gia,0.0
công_ty_con,0.0
công_ty_mẹ,0.0
công_tác,0.0
công_ích,0.0
căn_cước,0.0
căn_cứ,0.26643840630333565
cơ_cấu,0.0
cơ_quan,0.0
cơ_sở,0.0
cước,0.0
cước_phí,0.0
cấm,0.0
cấp_phép,0.0
cấu_trúc,0.0
cần_thiết,0.0
cập_nhật,0.0
cố_định,0.0
cổ_phần,0.0
cổng,0.0
cộng,0.06284631463781343
cộng_hoà,0.0
cục,0.0
cục_trưởng,0.0
dab,0.0
dac,0.0
danh_mục,0.0
danh_sách,0.0
daonh,0.0
ddd,0.0
di_động,0.0
do_hủy,0.0
doanh_nghiệp,0.0
doanh_thu,0.0
dung_lượng,0.0
duy_trì,0.0
duyệt,0.0
dân_tộc,0.0
dânsố,0.0
dấu,0.0
dấuký,0.0
dịch_vụ,0.0
dụ,0.0
dừng,0.0
dữ_liệu,0.0
dự_kiến,0.0
dự_phòng,0.0
dự_thảo,0.20805658078868977
dự_toán,0.0
eee,0.0
email,0.0
email_postcode,0.0
fax,0.0
fax_email,0.0
gde,0.0
ggg,0.0
ghi,0.0
ghi_chú,0.0
gia_tăng,0.0
giai_đoạn,0.0
gian_dối,0.0
giao,0.0
giao_dịch,0.0
giao_dịch_chuyển_nhượng,0.0
giao_tiếp,0.0
giá,0.0
giám_sát,0.0
giám_đốc,0.0
gián_tiếp,0.0
giả_mạo,0.0
giải_pháp_bảo_đảm,0.0
giải_quyết,0.0
giải_thích,0.0
giải_đáp,0.0
giảm_thiểu,0.0
giấy,0.0
giấy_phép,0.0
giấy_tờ,0.0
giới_hạn,0.0
giờ_phút,0.0
gov,0.0
góp,0.0
gắn,0.0
gọi,0.0
gốc,0.0
gửi,0.0
hai,0.0
hcg,0.0
hh,0.0
hh_gắn,0.0
hhh,0.0
hi_k,0.0
hi_m,0.0
hiện_hành,0.0
hiện_trạng,0.0
hiệu_lực,0.0
hiệu_quả,0.0
hiệu_suất,0.0
hoà_mạng,0.0
hoàn_thành,0.0
hoàn_trả,0.0
hoàn_tất,0.0
hoạt_động,0.0
httpdichvucong,0.0
human,0.0
hà_nội,0.07606823276496294
hàng,0.0
hành_vi,0.0
hình_thức,0.0
hòa,0.06229872142507216
hđnd,0.0
hướng_dẫn,0.0
hưởng,0.0
hạ_tầng,0.0
hạn,0.0
hạnh_phúc,0.06125801551203521
hải_phòng,0.0
hậu_quả,0.0
hệ_thống,0.0
hệ_thống_thiết_bị,0.0
hồ_sơ,0.0
hộ_chiếu,0.0
hội_đồng,0.0
hợp,0.0
hợp_lệ,0.0
hợp_nhất,0.0
hợp_pháp,0.0
hợp_đồng,0.0
hủy,0.0
hủy_bỏ,0.0
hữu_tuyến,0.0
ii,0.0
iii,0.0
internet,0.10637265665749195
internet_đấu_giá,0.1496383637949558
iv,0.0
kgvx,0.0
khai,0.0
khai_báo,0.0
khai_thác,0.0
khiếu_kiện,0.0
khiếu_nại,0.0
kho,0.10887075839246203
khoản,0.0
khóa,0.0
khả_năng,0.0
khẩn_cấp,0.0
khắc_phục,0.0
khối,0.0
khối_số,0.0
khởi_điểm,0.0
kinh,0.0
kinh_doanh,0.0
kinh_phí,0.0
kinh_tế,0.0
kiên_giang,0.0
kiểm_duyệt,0.0
kiểm_toán,0.0
kiểm_tra,0.0
kkk,0.0
kèm,0.0
kê_khai,0.0
kê_khai_thông_tin,0.0
kênh,0.0
kích_hoạt,0.0
kính,0.0
ký,0.0
ký_số,0.0
ký_tên,0.0
ký_tự,0.0
kế,0.0
kế_hoạch,0.0
kế_thừa,0.0
kết_nối,0.0
kết_quả,0.0
kề,0.0
kịp_thời,0.0
kỹ_thuật,0.0
links,0.0
liên_hệ,0.0
liên_kết,0.0
liên_lạc,0.0
liền,0.0
liệt_kê,0.0
lll,0.0
loại_hình,0.0
luật,0.5806889687742669
luật_đấu_giá,0.08972975194179934
làm,0.0
làm_việc,0.0
lí_do,0.0
lũy,0.0
lưu,0.0
lưu_giữ,0.0
lưu_lượng,0.0
lưu_trữ,0.0
lưu_vt,0.0
lưu_ý,0.0
lập,0.0
lệ_phí,0.0
lịch_trình,0.0
lộ_trình,0.0
lợi,0.0
lợi_ích,0.0
lựa_chọn,0.0
lỹ,0.0
mic,0.0
mll,0.0
mm,0.0
mua_bán,0.0
mã,0.0
mã_mạng,0.0
mã_số,0.13153605218607273
mạng,0.0
mạng_lưới,0.0
mẫu,0.0
mẫu_số,0.0
mặt_trận,0.0
mặt_đất,0.0
mục,0.0
mục_đích,0.0
nam,0.0
nam_nữ,0.0
ngang,0.0
nghiệp,0.0
nghiệp_báo_cáo,0.0
nghiệp_vụ,0.0
nghiệpcá,0.0
nghiệpcá_nhân,0.0
nghĩa_vụ,0.0
nghị_định,0.10296458928141239
ngoại,0.0
nguyên,0.0
nguyên_tắc,0.0
nguồn_gốc,0.0
ngành,0.0
ngành_nghề,0.0
ngày_trước,0.0
ngàythángnăm,0.0
ngân_hàng,0.0
ngân_sách,0.0
ngắn,0.0
ngừng,0.0
nhiệm_vụ,0.0
nhu_cầu,0.0
nhà_nước,0.12251603102407042
nhân,0.0
nhân_dân,0.0
nhân_lực,0.0
như_điều,0.0
nhất_trí,0.0
nhận,0.0
nhận_dạng,0.0
nhắn,0.0
nhắn_tin,0.0
niêm_yết,0.0
nêu,0.0
năm_sinh,0.0
nđcp,0.07258612109678336
nđk,0.0
nơi_cấp,0.0
nơi_nhận,0.0
nước_ngoài,0.0
nội,0.0
nội_dung,0.0
nộp,0.0
nợ,0.0
pcn,0.0
pháp_chế,0.0
pháp_luật,0.0
pháp_nhân,0.0
phát_hiện,0.0
phát_hành,0.0
phát_sinh,0.0
phát_triển,0.0
phân_bổ,0.0
phân_phối,0.0
phép,0.0
phê_duyệt,0.0
phí,0.0
phó_thủ_tướng,0.0
phương_thức,0.0
phương_tiện,0.0
phương_án,0.0
phạm_minh_chính,0.0
phạm_vi,0.0
phạm_vi_phân_bổ,0.0
phản_ánh,0.0
phố,0.0
phối_hợp,0.0
phụ_lục,0.0
phục_vụ,0.0
phục_vụ_lợi_ích,0.0
postcode,0.0
qh,0.0
quan,0.0
quantổ,0.0
quy_hoạch,0.0
quy_mô,0.0
quy_trình,0.0
quy_định,0.07591176569418988
quyết_định,0.0
quyền,0.08106384041489191
quyền_hạn,0.0
quyền_lợi_ích,0.0
quý,0.0
quản_lý,0.14769392274807167
quản_lý_số,0.0
quản_lý_số_liệu,0.0
quảng_ninh,0.0
quốc_gia,0.09215744278592056
quốc_hội,0.0
quốc_phòng,0.0
quốc_tế,0.0
quốc_tịch,0.0
qđ,0.0
qđbtttt,0.0
qđcvt,0.0
qđstttt,0.0
rà_soát,0.0
sai,0.0
sai_lệch,0.0
signaling,0.0
sim,0.0
sinh,0.0
sms,0.0
ss,0.0
stt,0.0
sáp_nhập,0.0
sóc_trăng,0.0
sắp_xếp,0.0
số,0.08403437920512064
số_liệu,0.0
số_lượng,0.0
sổ,0.0
sở,0.0
sở_hữu,0.0
sửa_đổi,0.09321186360997892
sự_thật,0.0
tgđ,0.0
th,0.0
tham_gia,0.0
thanh_toán,0.0
thanh_tra,0.0
thay_mặt,0.0
thi_hành,0.0
thi_hành_quyết_định,0.0
thiệt_hại,0.0
thoại,0.0
thoả_thuận,0.0
thu,0.0
thu_hồi,0.10759671984104376
thu_nhập,0.0
thu_thập,0.0
thue,0.0
thuê,0.0
thuê_bao,0.0
thuế,0.0
thuế_phí,0.0
thành,0.0
thành_lập,0.0
thành_phố,0.0
thành_viên,0.0
thành_văn_bản,0.0
thông_báo,0.0
thông_qua,0.0
thông_thường,0.0
thông_tin,0.03604269748373
thôngví,0.0
thẩm_quyền,0.0
thẩm_tra,0.0
thẩm_định,0.0
thẻ,0.0
thị_trường,0.0
thỏa_thuận,0.0
thống_kê,0.0
thống_nhất,0.0
thời_hạn,0.0
thời_kỳ,0.0
thời_điểm_báo_cáo,0.0
thủ_trưởng,0.0
thủ_tướng,0.0
thủ_tục,0.0
thừa_kế,0.0
thực_hiện_thực_hiện,0.0
thực_hiện_tại,0.0
tiến_hành,0.0
tiếng,0.0
tiếp_nhận,0.0
tiếpđấu,0.0
tiết_kiệm,0.0
tiền,0.0
tiền_sử_dụng,0.0
tm,0.0
to,0.0
toàn_quốc,0.0
tp,0.0
tra_cứu,0.0
tranh_chấp,0.0
triển_khai,0.0
trung,0.0
trung_thực,0.0
trung_tâm,0.0
trung_ương,0.0
truy_cập,0.0
truy_nhập,0.0
truyền,0.0
truyền_dẫn,0.0
truyền_thông,0.043782355007343045
truyền_thông_dịch_vụ,0.0
trách_nhiệm,0.0
trái,0.0
trân_trọng,0.0
trình_tự,0.0
tròn,0.0
trúng,0.0
trăm,0.0
trường_hợp,0.0
trường_hợp_số,0.0
trường_hợp_thời_hạn,0.0
trường_hợp_đề_nghị,0.0
trưởng_phòng,0.0
trạm,0.0
trạng_thái,0.0
trả_lời,0.0
trở,0.0
trở_đi,0.0
trợ_lý,0.0
trụ_sở,0.0
trừ,0.0
trực,0.0
trực_thuộc,0.0
trực_tuyến,0.0
tt,0.0
ttgcp,0.0
tttt,0.0
ttđt,0.0
tuyên_truyền,0.0
tuân_thủ,0.0
tw,0.0
tài_chính,0.0
tài_khoản,0.0
tài_liệu,0.0
tài_nguyên,0.2291218863548058
tài_sản,0.1647908736512259
tách,0.0
tên_miền,0.09177913984420161
tình_huống,0.0
tình_hình,0.0
tòa_án,0.0
tư_vấn,0.0
tưquyết,0.0
tương_ứng,0.0
tạm,0.0
tần_số,0.0
tập_hợp,0.0
tắt,0.0
tặng,0.0
tỉnh,0.0
tỉnh_thành_phố,0.0
tỉnhthành,0.0
tố_cáo,0.0
tối_cao,0.0
tối_thiểu,0.0
tối_đa,0.0
tối_đa_số,0.0
tổ,0.0
tổ_chức,0.11489657822025429
tổ_chứccá,0.0
tổ_chứcdoanh,0.0
tổ_chứcdoanh_nghiệp,0.0
tổ_quốc,0.0
tổng_,0.0
tổng_bí_thư,0.0
tổng_cộng,0.0
tổng_giá_trị,0.0
tổng_giám_đốc,0.0
tổng_số,0.0
tờ,0.0
từ_chối,0.0
từ_ngữ,0.0
tự_do,0.05767555105246192
tự_nguyện,0.0
tự_nhiên,0.0
tỷ_lệ,0.0
ubnd,0.0
ubtw,0.0
vi_phạm,0.0
vi_phạm_quy_hoạch,0.0
vi_phạm_quy_định,0.0
vii,0.0
viết,0.0
viễn,0.0
viễn_thông,0.23586056682454323
viễn_thông_báo_cáo,0.0
viễn_thông_dịch_vụ,0.0
viễn_thông_gắn,0.0
viễn_thông_số,0.0
viễn_thông_sử_dụng,0.0
viễn_thông_tư_vấn,0.0
viện_kiểm_sát_nhân_dân,0.0
việt,0.0
việt_nam,0.0872379048237301
việt_nam_số,0.0
việt_nam_vn,0.07742602836019988
vn,0.048772309631460904
voip,0.0
vpcp,0.0
vsat,0.0
ví_dụ,0.0
vòng,0.0
vô_tuyến,0.0
văn_bản,0.0
văn_hóa,0.0
văn_phòng,0.0
văn_thư,0.0
vướng_mắc,0.0
vận_hành,0.0
vật_lực,0.0
vế,0.0
vệ_tinh,0.0
vốn,0.0
vụ,0.0
vụ_trưởng,0.0
xem_xét,0.0
xong,0.0
xác_lập,0.0
xác_nhận,0.0
xác_định,0.0
xây_dựng,0.0
xã_hội,0.060282397515183904
xét,0.0
xảy,0.0
xử_phạt,0.0
áp_dụng,0.0
đi,0.0
điều_chỉnh,0.0
điều_hành,0.0
điều_khoản,0.0
điều_luật,0.0
điều_áp_dụng,0.0
điểm,0.0
điểm_báo_hiệu,0.0
điện_thoại,0.0
điện_tử,0.0
đkkd,0.0
đoàn_thể,0.0
đánh_số,0.0
đáp_ứng,0.0
đên,0.0
đóng,0.0
đóng_dấu,0.0
đăng_ký,0.0
đăng_ký_hủy,0.0
đăng_ký_tên_miền,0.0
đơn,0.0
đường,0.0
đại_chúng,0.0
đại_diện,0.0
đại_lý,0.0
đảng,0.0
đấu,0.0
đấu_giá,0.0
đấu_giá_như,0.0
đầu,0.0
đầu_mối,0.0
đầu_tư,0.0
đầy_đủ,0.0
đặt_cọc,0.0
đề_nghị,0.05175368939923857
địa_bàn,0.0
địa_chỉ,0.0
địa_chỉ_số,0.0
địa_phương,0.10402829039434489
định,0.0
định_danh,0.0
định_kỳ,0.0
định_tuyến,0.0
đối_chiếu,0.0
đối_tượng,0.0
đồng,0.0
đồng_bằng,0.0
đồng_ý,0.0
đồngthỏa_thuận,0.0
đổi,0.0
độ,0.0
độc_lập,0.06125801551203521
đứng_tên,0.0
ảnh_hưởng,0.0
ấn_định,0.0
ủy,0.0
ủy_ban,0.0
ứng_dụng,0.0
